class_name,mean_intensity,std_intensity,min_intensity,max_intensity,median_intensity
1 Very Mild,114.88986297607421,77.81517649093404,0,255,124.0
2 Mild,110.45681022644042,76.78143207304505,0,255,117.0
3 Moderate,49.272466812133786,57.37076817718213,0,255,31.0
Normal,90.76801040649414,68.92771371051006,0,255,86.0
